{
  "total_return": -0.0023739873029672287,
  "annualized_return": -0.02367352122257671,
  "geometric_mean_return": -9.506786790647315e-05,
  "arithmetic_mean_return": -9.415522480338882e-05,
  "median_return": 0.0,
  "return_skewness": -0.5200090096558575,
  "return_kurtosis": 2.9158669811633375,
  "volatility": 0.021883325210960924,
  "sharpe_ratio": -1.9981934294223227,
  "sortino_ratio": -0.14895098042195207,
  "downside_deviation": 0.018492992967868695,
  "var_5_percent": -0.0016665741435642693,
  "var_1_percent": -0.0035712625975276623,
  "cvar_5_percent": -0.002924542635964141,
  "cvar_1_percent": -0.0041682348697401434,
  "daily_volatility": 0.0013785199135083969,
  "max_drawdown": -0.008750299557338193,
  "avg_drawdown": -0.005544545011046746,
  "max_drawdown_duration": 22,
  "avg_drawdown_duration": 22.0,
  "avg_recovery_time": 0,
  "max_recovery_time": 0,
  "calmar_ratio": 2.7054526610718805,
  "number_of_drawdown_periods": 1,
  "total_trades": 25,
  "win_rate": 0.16,
  "loss_rate": 0.2,
  "profit_factor": 0.7749075209597569,
  "avg_win": 0.0020258782120602926,
  "avg_loss": -0.002091478693665178,
  "win_loss_ratio": 0.9686344011996961,
  "largest_win": 0.0028546480269664664,
  "largest_loss": -0.0041682348697401434,
  "max_consecutive_wins": 2,
  "max_consecutive_losses": 3,
  "information_ratio": -1.0842555425977738,
  "treynor_ratio": -0.04372711665045398,
  "mae": -0.0041682348697401434,
  "mfe": 0.0028546480269664664,
  "gain_to_pain_ratio": 0.7749075209597569,
  "sterling_ratio": -4.279362256628985,
  "time_in_market": 0.36,
  "active_trading_days": 9,
  "avg_days_between_trades": null,
  "skewness": -0.5200090096558575,
  "excess_kurtosis": 2.9158669811633375,
  "tail_ratio": 1.364733238515546,
  "jarque_bera_pvalue": 0.05681957936555608
}