{
  "total_return": 0.005362377385035533,
  "annualized_return": 0.06034681375137474,
  "geometric_mean_return": 0.00023255099371022325,
  "arithmetic_mean_return": 0.0002393199217099064,
  "median_return": 0.0,
  "return_skewness": 1.9733672239188598,
  "return_kurtosis": 5.640480258122492,
  "volatility": 0.05986258142341852,
  "sharpe_ratio": 0.6733525236037933,
  "sortino_ratio": 0.07529006192069253,
  "downside_deviation": 0.03372562511297215,
  "var_5_percent": -0.004582679910290563,
  "var_1_percent": -0.005772569432649537,
  "cvar_5_percent": -0.005426088084086796,
  "cvar_1_percent": -0.006044804777948833,
  "daily_volatility": 0.0037709881734457225,
  "max_drawdown": -0.013124407518075976,
  "avg_drawdown": -0.005952660275066438,
  "max_drawdown_duration": 7,
  "avg_drawdown_duration": 3.6666666666666665,
  "avg_recovery_time": 2.0,
  "max_recovery_time": 2,
  "calmar_ratio": 4.59806003953019,
  "number_of_drawdown_periods": 3,
  "total_trades": 23,
  "win_rate": 0.13043478260869565,
  "loss_rate": 0.34782608695652173,
  "profit_factor": 1.3077731865923983,
  "avg_win": 0.007796273767034702,
  "avg_loss": -0.002235557887722032,
  "win_loss_ratio": 3.487395164246396,
  "largest_win": 0.012396852976828502,
  "largest_loss": -0.006044804777948833,
  "max_consecutive_wins": 1,
  "max_consecutive_losses": 2,
  "information_ratio": 1.0074510459935395,
  "treynor_ratio": 0.040308620270896406,
  "mae": -0.006044804777948833,
  "mfe": 0.012396852976828502,
  "gain_to_pain_ratio": 1.3077731865923983,
  "sterling_ratio": 10.131372778572233,
  "time_in_market": 0.4782608695652174,
  "active_trading_days": 11,
  "avg_days_between_trades": null,
  "skewness": 1.9733672239188598,
  "excess_kurtosis": 5.640480258122492,
  "tail_ratio": 1.858222149110071,
  "jarque_bera_pvalue": 2.751096893636824e-07
}