{
  "total_return": 0.02380715385219445,
  "annualized_return": 0.26764909690554073,
  "geometric_mean_return": 0.0009415703018806898,
  "arithmetic_mean_return": 0.0009487725335056557,
  "median_return": 0.0,
  "return_skewness": 1.9674938389230332,
  "return_kurtosis": 5.330614481850581,
  "volatility": 0.06166349101827813,
  "sharpe_ratio": 3.5530047816865085,
  "sortino_ratio": 0.3701052729507687,
  "downside_deviation": 0.03729051293923717,
  "var_5_percent": -0.0039034146427743828,
  "var_1_percent": -0.005007091259704621,
  "cvar_5_percent": -0.004824074861166733,
  "cvar_1_percent": -0.005176029473739594,
  "daily_volatility": 0.0038844348144387846,
  "max_drawdown": -0.0090485884873166,
  "avg_drawdown": -0.00564421214833278,
  "max_drawdown_duration": 15,
  "avg_drawdown_duration": 15.0,
  "avg_recovery_time": 15.0,
  "max_recovery_time": 15,
  "calmar_ratio": 29.57909924633044,
  "number_of_drawdown_periods": 1,
  "total_trades": 25,
  "win_rate": 0.24,
  "loss_rate": 0.16,
  "profit_factor": 3.0667288205889105,
  "avg_win": 0.005866009213245215,
  "avg_loss": -0.002869185485457475,
  "win_loss_ratio": 2.044485880392607,
  "largest_win": 0.014057407399414619,
  "largest_loss": -0.005176029473739594,
  "max_consecutive_wins": 2,
  "max_consecutive_losses": 2,
  "information_ratio": 3.8773458086009858,
  "treynor_ratio": 0.21909067844342525,
  "mae": -0.005176029473739594,
  "mfe": 0.014057407399414619,
  "gain_to_pain_ratio": 3.0667288205889105,
  "sterling_ratio": 42.360328095401094,
  "time_in_market": 0.4,
  "active_trading_days": 10,
  "avg_days_between_trades": null,
  "skewness": 1.9674938389230332,
  "excess_kurtosis": 5.330614481850581,
  "tail_ratio": 2.193767756357501,
  "jarque_bera_pvalue": 1.333073595012703e-07
}