{
  "total_return": -0.005373636919299041,
  "annualized_return": -0.06563712414925926,
  "geometric_mean_return": -0.0002693700552963696,
  "arithmetic_mean_return": -0.000268825364326745,
  "median_return": 0.0,
  "return_skewness": -3.607976102802233,
  "return_kurtosis": 13.945474289394216,
  "volatility": 0.016977211576021757,
  "sharpe_ratio": -5.168339418839984,
  "sortino_ratio": -0.1731706678178871,
  "downside_deviation": 0.031918522963713516,
  "var_5_percent": -0.0017707686209513052,
  "var_1_percent": -0.003931849923065358,
  "cvar_5_percent": -0.004472120248593871,
  "cvar_1_percent": -0.004472120248593871,
  "daily_volatility": 0.0010694638044162026,
  "max_drawdown": -0.006093429207848722,
  "avg_drawdown": -0.005535324584304682,
  "max_drawdown_duration": 8,
  "avg_drawdown_duration": 8.0,
  "avg_recovery_time": 0,
  "max_recovery_time": 0,
  "calmar_ratio": 10.77178743042005,
  "number_of_drawdown_periods": 1,
  "total_trades": 20,
  "win_rate": 0.05,
  "loss_rate": 0.1,
  "profit_factor": 0.1187082960135148,
  "avg_win": 0.0007242051815554043,
  "avg_loss": -0.003050356234045152,
  "win_loss_ratio": 0.2374165920270296,
  "largest_win": 0.0007242051815554043,
  "largest_loss": -0.004472120248593871,
  "max_consecutive_wins": 1,
  "max_consecutive_losses": 2,
  "information_ratio": -3.990289660171277,
  "treynor_ratio": -0.08774399181033973,
  "mae": -0.004472120248593871,
  "mfe": 0.0007242051815554043,
  "gain_to_pain_ratio": 0.1187082960135148,
  "sterling_ratio": -12.238485887968821,
  "time_in_market": 0.15,
  "active_trading_days": 3,
  "avg_days_between_trades": null,
  "skewness": -3.607976102802233,
  "excess_kurtosis": 13.945474289394216,
  "tail_ratio": 0.020448893576122663,
  "jarque_bera_pvalue": 2.2851756642561673e-28
}