{
  "total_return": 0.006635292221049749,
  "annualized_return": 0.0689349999921054,
  "geometric_mean_return": 0.0002645700150805119,
  "arithmetic_mean_return": 0.00026564141814111743,
  "median_return": 0.0,
  "return_skewness": 0.7265736993768148,
  "return_kurtosis": 1.7821758177286249,
  "volatility": 0.02372780444335908,
  "sharpe_ratio": 1.978338850676915,
  "sortino_ratio": 0.16972671771793268,
  "downside_deviation": 0.01742239079964048,
  "var_5_percent": -0.001952613622418651,
  "var_1_percent": -0.0026604233544368265,
  "cvar_5_percent": -0.002450013292529717,
  "cvar_1_percent": -0.0028546480269664664,
  "daily_volatility": 0.001494711183683369,
  "max_drawdown": -0.0035205972753292736,
  "avg_drawdown": -0.001384414418082727,
  "max_drawdown_duration": 8,
  "avg_drawdown_duration": 6.333333333333333,
  "avg_recovery_time": 5.5,
  "max_recovery_time": 8,
  "calmar_ratio": 19.58048438972846,
  "number_of_drawdown_periods": 3,
  "total_trades": 25,
  "win_rate": 0.24,
  "loss_rate": 0.24,
  "profit_factor": 1.8996766322894956,
  "avg_win": 0.002337102653051459,
  "avg_loss": -0.0012302634107968031,
  "win_loss_ratio": 1.8996766322894953,
  "largest_win": 0.0041682348697401434,
  "largest_loss": -0.0028546480269664664,
  "max_consecutive_wins": 2,
  "max_consecutive_losses": 1,
  "information_ratio": 2.8212318392693585,
  "treynor_ratio": 0.046941637371561595,
  "mae": -0.0028546480269664664,
  "mfe": 0.0041682348697401434,
  "gain_to_pain_ratio": 1.8996766322894956,
  "sterling_ratio": 48.35375628655252,
  "time_in_market": 0.48,
  "active_trading_days": 12,
  "avg_days_between_trades": null,
  "skewness": 0.7265736993768148,
  "excess_kurtosis": 1.7821758177286249,
  "tail_ratio": 1.6156798955108815,
  "jarque_bera_pvalue": 0.1759130551288584
}