{
  "total_return": 0.00693740365127371,
  "annualized_return": 0.07217316260906115,
  "geometric_mean_return": 0.0002765762635301705,
  "arithmetic_mean_return": 0.0002776414181411174,
  "median_return": 0.0,
  "return_skewness": 0.710009748561427,
  "return_kurtosis": 1.8140576339743975,
  "volatility": 0.023658452247938826,
  "sharpe_ratio": 2.1119571495178726,
  "sortino_ratio": 0.17263271599183072,
  "downside_deviation": 0.018232577072863087,
  "var_5_percent": -0.001952613622418651,
  "var_1_percent": -0.0026604233544368265,
  "cvar_5_percent": -0.002450013292529717,
  "cvar_1_percent": -0.0028546480269664664,
  "daily_volatility": 0.0014903424060176943,
  "max_drawdown": -0.0034209194317036395,
  "avg_drawdown": -0.0013002921246173644,
  "max_drawdown_duration": 8,
  "avg_drawdown_duration": 6.333333333333333,
  "avg_recovery_time": 5.5,
  "max_recovery_time": 8,
  "calmar_ratio": 21.097592050894473,
  "number_of_drawdown_periods": 3,
  "total_trades": 25,
  "win_rate": 0.24,
  "loss_rate": 0.24,
  "profit_factor": 1.9801534400474778,
  "avg_win": 0.002337102653051459,
  "avg_loss": -0.001180263410796803,
  "win_loss_ratio": 1.9801534400474778,
  "largest_win": 0.0041682348697401434,
  "largest_loss": -0.0028546480269664664,
  "max_consecutive_wins": 2,
  "max_consecutive_losses": 1,
  "information_ratio": 2.9573209877944207,
  "treynor_ratio": 0.04996563737156158,
  "mae": -0.0028546480269664664,
  "mfe": 0.0041682348697401434,
  "gain_to_pain_ratio": 1.9801534400474778,
  "sterling_ratio": 53.807629875594536,
  "time_in_market": 0.48,
  "active_trading_days": 12,
  "avg_days_between_trades": null,
  "skewness": 0.710009748561427,
  "excess_kurtosis": 1.8140576339743975,
  "tail_ratio": 1.6156798955108815,
  "jarque_bera_pvalue": 0.17779758903671922
}