{
  "total_return": 0.0008176003221120887,
  "annualized_return": 0.018899198387070992,
  "geometric_mean_return": 7.429969363448308e-05,
  "arithmetic_mean_return": 7.472112576912286e-05,
  "median_return": 0.0,
  "return_skewness": 0.9284655638849112,
  "return_kurtosis": 3.175134420498914,
  "volatility": 0.015289639290227417,
  "sharpe_ratio": -0.07654047842247243,
  "sortino_ratio": -0.008403185409013955,
  "downside_deviation": 0.008772920541664056,
  "var_5_percent": -0.0011907769398606925,
  "var_1_percent": -0.0015033984917492463,
  "cvar_5_percent": -0.0015815538797213848,
  "cvar_1_percent": -0.0015815538797213848,
  "daily_volatility": 0.0009631567428053301,
  "max_drawdown": -0.0023802886366174336,
  "avg_drawdown": -0.002080763102781366,
  "max_drawdown_duration": 8,
  "avg_drawdown_duration": 8.0,
  "avg_recovery_time": 0,
  "max_recovery_time": 0,
  "calmar_ratio": 7.939876742817272,
  "number_of_drawdown_periods": 1,
  "total_trades": 11,
  "win_rate": 0.18181818181818182,
  "loss_rate": 0.18181818181818182,
  "profit_factor": 1.3451244124514656,
  "avg_win": 0.001601743131590868,
  "avg_loss": -0.0011907769398606925,
  "win_loss_ratio": 1.3451244124514656,
  "largest_win": 0.0023316917706926814,
  "largest_loss": -0.0015815538797213848,
  "max_consecutive_wins": 2,
  "max_consecutive_losses": 1,
  "information_ratio": 1.231534854184182,
  "treynor_ratio": -0.0011702763061810402,
  "mae": -0.0015815538797213848,
  "mfe": 0.0023316917706926814,
  "gain_to_pain_ratio": 1.3451244124514656,
  "sterling_ratio": 9.049431753499078,
  "time_in_market": 0.36363636363636365,
  "active_trading_days": 4,
  "avg_days_between_trades": null,
  "skewness": 0.9284655638849112,
  "excess_kurtosis": 3.175134420498914,
  "tail_ratio": 1.3451244124514656,
  "jarque_bera_pvalue": 0.3554696976255014
}