{
  "total_return": 0.006258204680280377,
  "annualized_return": 0.17024757221654574,
  "geometric_mean_return": 0.0006240649912718776,
  "arithmetic_mean_return": 0.0006287126816310016,
  "median_return": 0.0,
  "return_skewness": 2.5108059747672336,
  "return_kurtosis": 7.2021299404427745,
  "volatility": 0.05114241478580845,
  "sharpe_ratio": 2.7068646709546265,
  "sortino_ratio": 0.5563550937000246,
  "downside_deviation": 0.01567456276090734,
  "var_5_percent": -0.0019245282503085291,
  "var_1_percent": -0.0024332709227679514,
  "cvar_5_percent": -0.002560456590882807,
  "cvar_1_percent": -0.002560456590882807,
  "daily_volatility": 0.0032216693088229,
  "max_drawdown": -0.0032687144800531698,
  "avg_drawdown": -0.0018875442720194813,
  "max_drawdown_duration": 2,
  "avg_drawdown_duration": 2.0,
  "avg_recovery_time": 2.0,
  "max_recovery_time": 2,
  "calmar_ratio": 52.08395326525321,
  "number_of_drawdown_periods": 2,
  "total_trades": 10,
  "win_rate": 0.2,
  "loss_rate": 0.4,
  "profit_factor": 2.3363100129229695,
  "avg_win": 0.005495984162137802,
  "avg_loss": -0.0011762103769913969,
  "win_loss_ratio": 4.672620025845939,
  "largest_win": 0.009270550598945158,
  "largest_loss": -0.002560456590882807,
  "max_consecutive_wins": 1,
  "max_consecutive_losses": 2,
  "information_ratio": 3.0979295059602237,
  "treynor_ratio": 0.13843559577101242,
  "mae": -0.002560456590882807,
  "mfe": 0.009270550598945158,
  "gain_to_pain_ratio": 2.3363100129229695,
  "sterling_ratio": 83.93741970433486,
  "time_in_market": 0.6,
  "active_trading_days": 6,
  "avg_days_between_trades": null,
  "skewness": 2.5108059747672336,
  "excess_kurtosis": 7.2021299404427745,
  "tail_ratio": 3.0518859906976856,
  "jarque_bera_pvalue": 0.0017827955061469698
}