{
  "total_return": 0.0016188954384628307,
  "annualized_return": 0.03775262224380316,
  "geometric_mean_return": 0.00014706412557807802,
  "arithmetic_mean_return": 0.0001474483984963956,
  "median_return": 0.0,
  "return_skewness": 0.8807740279173131,
  "return_kurtosis": 4.026488424890091,
  "volatility": 0.014600209999040189,
  "sharpe_ratio": 1.1751198388392763,
  "sortino_ratio": 0,
  "downside_deviation": NaN,
  "var_5_percent": -0.0007907769398606924,
  "var_1_percent": -0.0014233984917492463,
  "cvar_5_percent": -0.0015815538797213848,
  "cvar_1_percent": -0.0015815538797213848,
  "daily_volatility": 0.0009197267796852124,
  "max_drawdown": -0.0015815538797212536,
  "avg_drawdown": -0.0015815538797212536,
  "max_drawdown_duration": 8,
  "avg_drawdown_duration": 8.0,
  "avg_recovery_time": 0,
  "max_recovery_time": 0,
  "calmar_ratio": 23.87058874684497,
  "number_of_drawdown_periods": 1,
  "total_trades": 11,
  "win_rate": 0.18181818181818182,
  "loss_rate": 0.09090909090909091,
  "profit_factor": 2.0255309061908657,
  "avg_win": 0.001601743131590868,
  "avg_loss": -0.0015815538797213848,
  "win_loss_ratio": 1.0127654530954329,
  "largest_win": 0.0023316917706926814,
  "largest_loss": -0.0015815538797213848,
  "max_consecutive_wins": 2,
  "max_consecutive_losses": 1,
  "information_ratio": 2.5449631494022604,
  "treynor_ratio": 0.017156996421091694,
  "mae": -0.0015815538797213848,
  "mfe": 0.0023316917706926814,
  "gain_to_pain_ratio": 2.0255309061908657,
  "sterling_ratio": 23.49398076001088,
  "time_in_market": 0.2727272727272727,
  "active_trading_days": 3,
  "avg_days_between_trades": null,
  "skewness": 0.8807740279173131,
  "excess_kurtosis": 4.026488424890091,
  "tail_ratio": 2.0255309061908657,
  "jarque_bera_pvalue": 0.2554241701862592
}