{
  "total_return": -0.005572829789767697,
  "annualized_return": -0.06799214929321828,
  "geometric_mean_return": -0.0002793817625770245,
  "arithmetic_mean_return": -0.0002786528401478008,
  "median_return": 0.0,
  "return_skewness": -1.3956154081684025,
  "return_kurtosis": 5.22183466318422,
  "volatility": 0.019652036989402544,
  "sharpe_ratio": -4.590898936629198,
  "sortino_ratio": -0.27147364980720273,
  "downside_deviation": 0.02093521151556024,
  "var_5_percent": -0.0017374073971023563,
  "var_1_percent": -0.003682069375212586,
  "cvar_5_percent": -0.0041682348697401434,
  "cvar_1_percent": -0.0041682348697401434,
  "daily_volatility": 0.0012379619673762287,
  "max_drawdown": -0.008750299557338193,
  "avg_drawdown": -0.005117126263163381,
  "max_drawdown_duration": 17,
  "avg_drawdown_duration": 17.0,
  "avg_recovery_time": 0,
  "max_recovery_time": 0,
  "calmar_ratio": 7.770265331796393,
  "number_of_drawdown_periods": 1,
  "total_trades": 20,
  "win_rate": 0.1,
  "loss_rate": 0.2,
  "profit_factor": 0.3650054741418227,
  "avg_win": 0.001601743131590868,
  "avg_loss": -0.0021941357665344378,
  "win_loss_ratio": 0.7300109482836454,
  "largest_win": 0.0023316917706926814,
  "largest_loss": -0.0041682348697401434,
  "max_consecutive_wins": 2,
  "max_consecutive_losses": 3,
  "information_ratio": -3.5731927308661464,
  "treynor_ratio": -0.0902205157172458,
  "mae": -0.0041682348697401434,
  "mfe": 0.0023316917706926814,
  "gain_to_pain_ratio": 0.3650054741418227,
  "sterling_ratio": -13.722646678222835,
  "time_in_market": 0.3,
  "active_trading_days": 6,
  "avg_days_between_trades": null,
  "skewness": -1.3956154081684025,
  "excess_kurtosis": 5.22183466318422,
  "tail_ratio": 0.5437926406753848,
  "jarque_bera_pvalue": 0.00019730732992488906
}