{
  "total_return": 0.023603312830425827,
  "annualized_return": 0.2651073021605561,
  "geometric_mean_return": 0.0009335980014995027,
  "arithmetic_mean_return": 0.0009407725335056558,
  "median_return": 0.0,
  "return_skewness": 1.9697423885781076,
  "return_kurtosis": 5.366037760753716,
  "volatility": 0.06154443872431255,
  "sharpe_ratio": 3.5271209380234705,
  "sortino_ratio": 0.37267192495178364,
  "downside_deviation": 0.03669291538043454,
  "var_5_percent": -0.0039034146427743828,
  "var_1_percent": -0.005007091259704621,
  "cvar_5_percent": -0.004824074861166733,
  "cvar_1_percent": -0.005176029473739594,
  "daily_volatility": 0.0038769352248472447,
  "max_drawdown": -0.0090485884873166,
  "avg_drawdown": -0.005677363858809392,
  "max_drawdown_duration": 15,
  "avg_drawdown_duration": 15.0,
  "avg_recovery_time": 15.0,
  "max_recovery_time": 15,
  "calmar_ratio": 29.298194136263003,
  "number_of_drawdown_periods": 1,
  "total_trades": 25,
  "win_rate": 0.24,
  "loss_rate": 0.16,
  "profit_factor": 3.0316003808169687,
  "avg_win": 0.005849342546578549,
  "avg_loss": -0.0028941854854574746,
  "win_loss_ratio": 2.021066920544646,
  "largest_win": 0.014057407399414619,
  "largest_loss": -0.005176029473739594,
  "max_consecutive_wins": 2,
  "max_consecutive_losses": 2,
  "information_ratio": 3.8520893740764777,
  "treynor_ratio": 0.21707467844342526,
  "mae": -0.005176029473739594,
  "mfe": 0.014057407399414619,
  "gain_to_pain_ratio": 3.0316003808169687,
  "sterling_ratio": 41.75787994908301,
  "time_in_market": 0.4,
  "active_trading_days": 10,
  "avg_days_between_trades": null,
  "skewness": 1.9697423885781076,
  "excess_kurtosis": 5.366037760753716,
  "tail_ratio": 2.173272880121873,
  "jarque_bera_pvalue": 1.1599338146203534e-07
}