{
  "total_return": 0.015694441747210686,
  "annualized_return": 0.16996212994960325,
  "geometric_mean_return": 0.0006230963483784269,
  "arithmetic_mean_return": 0.0006291377795857307,
  "median_return": 0.0,
  "return_skewness": 2.9262082013055952,
  "return_kurtosis": 9.62830456941652,
  "volatility": 0.05651502466672155,
  "sharpe_ratio": 2.451431655079574,
  "sortino_ratio": 0.37100260727246936,
  "downside_deviation": 0.023523745880223292,
  "var_5_percent": -0.002187199632518403,
  "var_1_percent": -0.003957255745517077,
  "cvar_5_percent": -0.003399485867183883,
  "cvar_1_percent": -0.004472120248593871,
  "daily_volatility": 0.003560111919210148,
  "max_drawdown": -0.008406102188816988,
  "avg_drawdown": -0.005878212807110317,
  "max_drawdown_duration": 10,
  "avg_drawdown_duration": 10.0,
  "avg_recovery_time": 10.0,
  "max_recovery_time": 10,
  "calmar_ratio": 20.218898858463966,
  "number_of_drawdown_periods": 1,
  "total_trades": 25,
  "win_rate": 0.12,
  "loss_rate": 0.12,
  "profit_factor": 2.866309716039767,
  "avg_win": 0.008052002814502489,
  "avg_loss": -0.0028091879846213995,
  "win_loss_ratio": 2.866309716039767,
  "largest_win": 0.014057407399414619,
  "largest_loss": -0.004472120248593871,
  "max_consecutive_wins": 2,
  "max_consecutive_losses": 2,
  "information_ratio": 2.8053198488465108,
  "treynor_ratio": 0.13854272045560415,
  "mae": -0.004472120248593871,
  "mfe": 0.014057407399414619,
  "gain_to_pain_ratio": 2.866309716039767,
  "sterling_ratio": 26.971245454712022,
  "time_in_market": 0.24,
  "active_trading_days": 6,
  "avg_days_between_trades": null,
  "skewness": 2.9262082013055952,
  "excess_kurtosis": 9.62830456941652,
  "tail_ratio": 3.4950434394226213,
  "jarque_bera_pvalue": 1.5277008709033485e-20
}