{
  "total_return": -0.0002892491274802955,
  "annualized_return": -0.007263623836466615,
  "geometric_mean_return": -2.8928678365458538e-05,
  "arithmetic_mean_return": -2.8710881621273796e-05,
  "median_return": 0.0,
  "return_skewness": -1.3176983273304375,
  "return_kurtosis": 5.110875390416777,
  "volatility": 0.01104096733695648,
  "sharpe_ratio": -2.466735145334517,
  "sortino_ratio": 0,
  "downside_deviation": NaN,
  "var_5_percent": -0.000946779748931745,
  "var_1_percent": -0.0015664901300507055,
  "cvar_5_percent": -0.0017214177253304455,
  "cvar_1_percent": -0.0017214177253304455,
  "daily_volatility": 0.0006955155668374745,
  "max_drawdown": -0.0017214177253304097,
  "avg_drawdown": -0.0017214177253304097,
  "max_drawdown_duration": 7,
  "avg_drawdown_duration": 7.0,
  "avg_recovery_time": 0,
  "max_recovery_time": 0,
  "calmar_ratio": 4.219559105023408,
  "number_of_drawdown_periods": 1,
  "total_trades": 10,
  "win_rate": 0.2,
  "loss_rate": 0.1,
  "profit_factor": 0.8332137447012612,
  "avg_win": 0.0007171544545588538,
  "avg_loss": -0.0017214177253304455,
  "win_loss_ratio": 0.4166068723506306,
  "largest_win": 0.001147282500717745,
  "largest_loss": -0.0017214177253304455,
  "max_consecutive_wins": 2,
  "max_consecutive_losses": 1,
  "information_ratio": -0.655299662407607,
  "treynor_ratio": -0.027235142168560995,
  "mae": -0.0017214177253304455,
  "mfe": 0.001147282500717745,
  "gain_to_pain_ratio": 0.8332137447012612,
  "sterling_ratio": -4.203013633528306,
  "time_in_market": 0.3,
  "active_trading_days": 3,
  "avg_days_between_trades": null,
  "skewness": -1.3176983273304375,
  "excess_kurtosis": 5.110875390416777,
  "tail_ratio": 0.8028976750215047,
  "jarque_bera_pvalue": 0.11359689857071884
}