{
  "total_return": 0.009282719273990825,
  "annualized_return": 0.12347070238809521,
  "geometric_mean_return": 0.00046210171711802417,
  "arithmetic_mean_return": 0.0004630105818199615,
  "median_return": 0.0,
  "return_skewness": 1.5641349914023936,
  "return_kurtosis": 2.2312323518077415,
  "volatility": 0.02197784065381145,
  "sharpe_ratio": 4.398915623308246,
  "sortino_ratio": 0.7094339166047126,
  "downside_deviation": 0.008584567785779545,
  "var_5_percent": -0.0005540776939860692,
  "var_1_percent": -0.0013760586425743218,
  "cvar_5_percent": -0.0015815538797213848,
  "cvar_1_percent": -0.0015815538797213848,
  "daily_volatility": 0.0013844738267664357,
  "max_drawdown": -0.002080763102781491,
  "avg_drawdown": -0.0012963197966479204,
  "max_drawdown_duration": 8,
  "avg_drawdown_duration": 4.666666666666667,
  "avg_recovery_time": 5.5,
  "max_recovery_time": 8,
  "calmar_ratio": 59.339144481677856,
  "number_of_drawdown_periods": 3,
  "total_trades": 20,
  "win_rate": 0.25,
  "loss_rate": 0.2,
  "profit_factor": 4.0050461545837,
  "avg_win": 0.0024683531032241228,
  "avg_loss": -0.0007703884699303463,
  "win_loss_ratio": 3.2040369236669597,
  "largest_win": 0.0041682348697401434,
  "largest_loss": -0.0015815538797213848,
  "max_consecutive_wins": 2,
  "max_consecutive_losses": 1,
  "information_ratio": 5.308923131099124,
  "treynor_ratio": 0.0966786666186303,
  "mae": -0.0015815538797213848,
  "mfe": 0.0041682348697401434,
  "gain_to_pain_ratio": 4.0050461545837,
  "sterling_ratio": 90.00762537172002,
  "time_in_market": 0.45,
  "active_trading_days": 9,
  "avg_days_between_trades": null,
  "skewness": 1.5641349914023936,
  "excess_kurtosis": 2.2312323518077415,
  "tail_ratio": 6.13805300380124,
  "jarque_bera_pvalue": 0.013256503354955347
}