{
  "total_return": -0.011097626976355301,
  "annualized_return": -0.1150915739457663,
  "geometric_mean_return": -0.0004850851363694675,
  "arithmetic_mean_return": -0.00048037404549463474,
  "median_return": 0.0,
  "return_skewness": -2.4456016468790156,
  "return_kurtosis": 10.505223414968704,
  "volatility": 0.04969393180719938,
  "sharpe_ratio": -2.8384604384274703,
  "sortino_ratio": -0.10258332039332262,
  "downside_deviation": 0.08661820563656462,
  "var_5_percent": -0.004760736898434058,
  "var_1_percent": -0.010791201908257591,
  "cvar_5_percent": -0.008747646002803703,
  "cvar_1_percent": -0.012396852976828502,
  "daily_volatility": 0.003130423457877431,
  "max_drawdown": -0.018984925990169432,
  "avg_drawdown": -0.0076556565518323075,
  "max_drawdown_duration": 20,
  "avg_drawdown_duration": 20.0,
  "avg_recovery_time": 0,
  "max_recovery_time": 0,
  "calmar_ratio": 6.062260869774355,
  "number_of_drawdown_periods": 1,
  "total_trades": 23,
  "win_rate": 0.21739130434782608,
  "loss_rate": 0.13043478260869565,
  "profit_factor": 0.4250523007802448,
  "avg_win": 0.0016336213369122505,
  "avg_loss": -0.006405569910312617,
  "win_loss_ratio": 0.2550313804681469,
  "largest_win": 0.006044804777948833,
  "largest_loss": -0.012396852976828502,
  "max_consecutive_wins": 2,
  "max_consecutive_losses": 1,
  "information_ratio": -2.435996812132106,
  "treynor_ratio": -0.14105425946464795,
  "mae": -0.012396852976828502,
  "mfe": 0.006044804777948833,
  "gain_to_pain_ratio": 0.4250523007802448,
  "sterling_ratio": -15.812394227073154,
  "time_in_market": 0.34782608695652173,
  "active_trading_days": 8,
  "avg_days_between_trades": null,
  "skewness": -2.4456016468790156,
  "excess_kurtosis": 10.505223414968704,
  "tail_ratio": 0.22839452940048768,
  "jarque_bera_pvalue": 9.680781349271693e-19
}