{
  "total_return": 0.012019992282395586,
  "annualized_return": 0.1717197399878121,
  "geometric_mean_return": 0.0006290570308009613,
  "arithmetic_mean_return": 0.000636392362446081,
  "median_return": 0.0,
  "return_skewness": 1.9486942880991573,
  "return_kurtosis": 5.011814320861449,
  "volatility": 0.06263135375151598,
  "sharpe_ratio": 2.24122371509517,
  "sortino_ratio": 0.2541056926234912,
  "downside_deviation": 0.0347986457751808,
  "var_5_percent": -0.0029088914095894095,
  "var_1_percent": -0.005417622104276949,
  "cvar_5_percent": -0.006044804777948833,
  "cvar_1_percent": -0.006044804777948833,
  "daily_volatility": 0.003945404435757704,
  "max_drawdown": -0.006589214045412017,
  "avg_drawdown": -0.003039475043945147,
  "max_drawdown_duration": 3,
  "avg_drawdown_duration": 2.3333333333333335,
  "avg_recovery_time": 2.0,
  "max_recovery_time": 2,
  "calmar_ratio": 26.060731796590865,
  "number_of_drawdown_periods": 3,
  "total_trades": 19,
  "win_rate": 0.15789473684210525,
  "loss_rate": 0.3157894736842105,
  "profit_factor": 2.070289697855488,
  "avg_win": 0.007796273767034702,
  "avg_loss": -0.0018828944024380939,
  "win_loss_ratio": 4.140579395710976,
  "largest_win": 0.012396852976828502,
  "largest_loss": -0.006044804777948833,
  "max_consecutive_wins": 1,
  "max_consecutive_losses": 2,
  "information_ratio": 2.560552594355039,
  "treynor_ratio": 0.14037087533641243,
  "mae": -0.006044804777948833,
  "mfe": 0.012396852976828502,
  "gain_to_pain_ratio": 2.070289697855488,
  "sterling_ratio": 52.76268862805199,
  "time_in_market": 0.47368421052631576,
  "active_trading_days": 9,
  "avg_days_between_trades": null,
  "skewness": 1.9486942880991573,
  "excess_kurtosis": 5.011814320861449,
  "tail_ratio": 3.2944443388782787,
  "jarque_bera_pvalue": 5.0528101833889006e-05
}