{
  "total_return": -0.011097626976355301,
  "annualized_return": -0.13757957879245675,
  "geometric_mean_return": -0.0005871783353526006,
  "arithmetic_mean_return": -0.0005815054234935052,
  "median_return": 0.0,
  "return_skewness": -2.1774603630190073,
  "return_kurtosis": 8.370257228330084,
  "volatility": 0.05479615560948804,
  "sharpe_ratio": -3.039252751730028,
  "sortino_ratio": -0.12111765556897511,
  "downside_deviation": 0.08661820563656462,
  "var_5_percent": -0.005828280423583864,
  "var_1_percent": -0.011083138466179573,
  "cvar_5_percent": -0.012396852976828502,
  "cvar_1_percent": -0.012396852976828502,
  "daily_volatility": 0.0034518333463119596,
  "max_drawdown": -0.018984925990169432,
  "avg_drawdown": -0.006440992770752239,
  "max_drawdown_duration": 16,
  "avg_drawdown_duration": 16.0,
  "avg_recovery_time": 0,
  "max_recovery_time": 0,
  "calmar_ratio": 7.2467798327840045,
  "number_of_drawdown_periods": 1,
  "total_trades": 19,
  "win_rate": 0.2631578947368421,
  "loss_rate": 0.15789473684210525,
  "profit_factor": 0.4250523007802448,
  "avg_win": 0.0016336213369122505,
  "avg_loss": -0.006405569910312617,
  "win_loss_ratio": 0.2550313804681469,
  "largest_win": 0.006044804777948833,
  "largest_loss": -0.012396852976828502,
  "max_consecutive_wins": 2,
  "max_consecutive_losses": 1,
  "information_ratio": -2.6742636429587368,
  "treynor_ratio": -0.1665393667203633,
  "mae": -0.012396852976828502,
  "mfe": 0.006044804777948833,
  "gain_to_pain_ratio": 0.4250523007802448,
  "sterling_ratio": -22.75105281685467,
  "time_in_market": 0.42105263157894735,
  "active_trading_days": 8,
  "avg_days_between_trades": null,
  "skewness": -2.1774603630190073,
  "excess_kurtosis": 8.370257228330084,
  "tail_ratio": 0.28087782492699886,
  "jarque_bera_pvalue": 1.0144860910964567e-09
}