{
  "total_return": 0.00013600167894312065,
  "annualized_return": 0.0017149735255042042,
  "geometric_mean_return": 6.7996446950768785e-06,
  "arithmetic_mean_return": 9.375503784466474e-06,
  "median_return": 0.0,
  "return_skewness": 0.20922203154333413,
  "return_kurtosis": 3.0987763572902915,
  "volatility": 0.03697238631581668,
  "sharpe_ratio": -0.4770417818221604,
  "sortino_ratio": -0.03127888088152246,
  "downside_deviation": 0.03552077429905433,
  "var_5_percent": -0.004507315709851157,
  "var_1_percent": -0.0050422867209619065,
  "cvar_5_percent": -0.005176029473739594,
  "cvar_1_percent": -0.005176029473739594,
  "daily_volatility": 0.002329041418291869,
  "max_drawdown": -0.0090485884873166,
  "avg_drawdown": -0.005712545113865242,
  "max_drawdown_duration": 13,
  "avg_drawdown_duration": 13.0,
  "avg_recovery_time": 0,
  "max_recovery_time": 0,
  "calmar_ratio": 0.1895293976411991,
  "number_of_drawdown_periods": 1,
  "total_trades": 20,
  "win_rate": 0.2,
  "loss_rate": 0.2,
  "profit_factor": 1.0159220671231073,
  "avg_win": 0.002991063004379807,
  "avg_loss": -0.0029441854854574748,
  "win_loss_ratio": 1.0159220671231073,
  "largest_win": 0.006118342464911137,
  "largest_loss": -0.005176029473739594,
  "max_consecutive_wins": 1,
  "max_consecutive_losses": 2,
  "information_ratio": 0.0639024739572957,
  "treynor_ratio": -0.01763737304631445,
  "mae": -0.005176029473739594,
  "mfe": 0.006118342464911137,
  "gain_to_pain_ratio": 1.0159220671231073,
  "sterling_ratio": 0.41358569719669885,
  "time_in_market": 0.4,
  "active_trading_days": 8,
  "avg_days_between_trades": null,
  "skewness": 0.20922203154333413,
  "excess_kurtosis": 3.0987763572902915,
  "tail_ratio": 0.8335454886184129,
  "jarque_bera_pvalue": 0.1520380665287981
}