{
  "total_return": 0.0024009302611962546,
  "annualized_return": 0.0564742721135163,
  "geometric_mean_return": 0.00021802854960695228,
  "arithmetic_mean_return": 0.0002210220996778225,
  "median_return": 0.0,
  "return_skewness": 0.3600763148826604,
  "return_kurtosis": 4.530882483926335,
  "volatility": 0.04075297217248561,
  "sharpe_ratio": 0.8759500771556609,
  "sortino_ratio": 0,
  "downside_deviation": NaN,
  "var_5_percent": -0.002588014736869797,
  "var_1_percent": -0.0046584265263656345,
  "cvar_5_percent": -0.005176029473739594,
  "cvar_1_percent": -0.005176029473739594,
  "daily_volatility": 0.002567195941788871,
  "max_drawdown": -0.0051760294737396295,
  "avg_drawdown": -0.004065111954358297,
  "max_drawdown_duration": 4,
  "avg_drawdown_duration": 4.0,
  "avg_recovery_time": 0,
  "max_recovery_time": 0,
  "calmar_ratio": 10.910732328715703,
  "number_of_drawdown_periods": 1,
  "total_trades": 11,
  "win_rate": 0.18181818181818182,
  "loss_rate": 0.09090909090909091,
  "profit_factor": 1.469711988463527,
  "avg_win": 0.0038036362850978208,
  "avg_loss": -0.005176029473739594,
  "win_loss_ratio": 0.7348559942317635,
  "largest_win": 0.006118342464911137,
  "largest_loss": -0.005176029473739594,
  "max_consecutive_wins": 1,
  "max_consecutive_losses": 1,
  "information_ratio": 1.3667118286016822,
  "treynor_ratio": 0.035697569118811265,
  "mae": -0.005176029473739594,
  "mfe": 0.006118342464911137,
  "gain_to_pain_ratio": 1.469711988463527,
  "sterling_ratio": 13.701361670764483,
  "time_in_market": 0.2727272727272727,
  "active_trading_days": 3,
  "avg_days_between_trades": null,
  "skewness": 0.3600763148826604,
  "excess_kurtosis": 4.530882483926335,
  "tail_ratio": 1.469711988463527,
  "jarque_bera_pvalue": 0.2965776088287498
}